Job_name,Receptor_file_name,Ligand_file_name,k,cutoff,aacg_parameter,solvent,pose_number,SA_control,fpocket,core_residue,core_num,time_per_round,time_step(fs),Ref_receptor_file_name,template_file
5R83-K0G-to-5R84,Receptors/5R83-K0G-to-5R84/5R84_apo.pdb,Ligands/5R83-K0G-to-5R84/5R83_K0G_A.pdb,25,12,25k-12cutoff,fullWT4,0-20,600K_heat-1.0-cool-2.0-2fs,,25THR 26THR 27LEU 41HIE 44CYS 49MET 52PRO 54TYR 140PHE 141LEU 142ASN 143GLY 145CYS 163HIE 164HIE 165MET 166GLU 167LEU 168PRO 170GLY 187ASP 188ARG 189GLN 190THR,24/304,1150,2,,
5R84-GWS-to-5R84,Receptors/5R84-GWS-to-5R84/5R84_apo.pdb,Ligands/5R84-GWS-to-5R84/5R84_GWS_A.pdb,25,12,25k-12cutoff,fullWT4,0-20,600K_heat-1.0-cool-2.0-2fs,,25THR 26THR 27LEU 41HIE 44CYS 49MET 52PRO 54TYR 140PHE 141LEU 142ASN 143GLY 145CYS 163HIE 164HIE 165MET 166GLU 167LEU 168PRO 170GLY 187ASP 188ARG 189GLN 190THR,24/304,1150,2,,
5RE4-SZY-to-5R84,Receptors/5RE4-SZY-to-5R84/5R84_apo.pdb,Ligands/5RE4-SZY-to-5R84/5RE4_SZY_A.pdb,25,12,25k-12cutoff,fullWT4,0-20,600K_heat-1.0-cool-2.0-2fs,,25THR 26THR 27LEU 41HIE 44CYS 49MET 52PRO 54TYR 140PHE 141LEU 142ASN 143GLY 145CYS 163HIE 164HIE 165MET 166GLU 167LEU 168PRO 170GLY 187ASP 188ARG 189GLN 190THR,24/304,1150,2,,
5RGU-UGD-to-5R84,Receptors/5RGU-UGD-to-5R84/5R84_apo.pdb,Ligands/5RGU-UGD-to-5R84/5RGU_UGD_A.pdb,25,12,25k-12cutoff,fullWT4,0-20,600K_heat-1.0-cool-2.0-2fs,pocket3-12-23,25THR 26THR 27LEU 41HIE 44CYS 49MET 52PRO 54TYR 140PHE 141LEU 142ASN 143GLY 145CYS 163HIE 164HIE 165MET 166GLU 167LEU 168PRO 170GLY 187ASP 188ARG 189GLN 190THR,24/304,1150,2,,
5RGV-UGG-to-5R84,Receptors/5RGV-UGG-to-5R84/5R84_apo.pdb,Ligands/5RGV-UGG-to-5R84/5RGV_UGG_A.pdb,25,12,25k-12cutoff,fullWT4,0-20,600K_heat-1.0-cool-2.0-2fs,pocket5-12-24,25THR 26THR 27LEU 41HIE 44CYS 49MET 52PRO 54TYR 140PHE 141LEU 142ASN 143GLY 145CYS 163HIE 164HIE 165MET 166GLU 167LEU 168PRO 170GLY 187ASP 188ARG 189GLN 190THR,24/304,1150,2,,
5RGW-UGM-to-5R84,Receptors/5RGW-UGM-to-5R84/5R84_apo.pdb,Ligands/5RGW-UGM-to-5R84/5RGW_UGM_A.pdb,25,12,25k-12cutoff,fullWT4,0-20,600K_heat-1.0-cool-2.0-2fs,,25THR 26THR 27LEU 41HIE 44CYS 49MET 52PRO 54TYR 140PHE 141LEU 142ASN 143GLY 145CYS 163HIE 164HIE 165MET 166GLU 167LEU 168PRO 170GLY 187ASP 188ARG 189GLN 190THR,24/304,1150,2,,
5RGX-UGP-to-5R84,Receptors/5RGX-UGP-to-5R84/5R84_apo.pdb,Ligands/5RGX-UGP-to-5R84/5RGX_UGP_A.pdb,25,12,25k-12cutoff,fullWT4,0-20,600K_heat-1.0-cool-2.0-2fs,,25THR 26THR 27LEU 41HIE 44CYS 49MET 52PRO 54TYR 140PHE 141LEU 142ASN 143GLY 145CYS 163HIE 164HIE 165MET 166GLU 167LEU 168PRO 170GLY 187ASP 188ARG 189GLN 190THR,24/304,1150,2,,
5RGY-UGS-to-5R84,Receptors/5RGY-UGS-to-5R84/5R84_apo.pdb,Ligands/5RGY-UGS-to-5R84/5RGY_UGS_A.pdb,25,12,25k-12cutoff,fullWT4,0-20,600K_heat-1.0-cool-2.0-2fs,,25THR 26THR 27LEU 41HIE 44CYS 49MET 52PRO 54TYR 140PHE 141LEU 142ASN 143GLY 145CYS 163HIE 164HIE 165MET 166GLU 167LEU 168PRO 170GLY 187ASP 188ARG 189GLN 190THR,24/304,1150,2,,
5RGZ-UH1-to-5R84,Receptors/5RGZ-UH1-to-5R84/5R84_apo.pdb,Ligands/5RGZ-UH1-to-5R84/5RGZ_UH1_A.pdb,25,12,25k-12cutoff,fullWT4,0-20,600K_heat-1.0-cool-2.0-2fs,,25THR 26THR 27LEU 41HIE 44CYS 49MET 52PRO 54TYR 140PHE 141LEU 142ASN 143GLY 145CYS 163HIE 164HIE 165MET 166GLU 167LEU 168PRO 170GLY 187ASP 188ARG 189GLN 190THR,24/304,1150,2,,
5RH0-UH4-to-5R84,Receptors/5RH0-UH4-to-5R84/5R84_apo.pdb,Ligands/5RH0-UH4-to-5R84/5RH0_UH4_A.pdb,25,12,25k-12cutoff,fullWT4,0-20,600K_heat-1.0-cool-2.0-2fs,,25THR 26THR 27LEU 41HIE 44CYS 49MET 52PRO 54TYR 140PHE 141LEU 142ASN 143GLY 145CYS 163HIE 164HIE 165MET 166GLU 167LEU 168PRO 170GLY 187ASP 188ARG 189GLN 190THR,24/304,1150,2,,
5RH1-UGV-to-5R84,Receptors/5RH1-UGV-to-5R84/5R84_apo.pdb,Ligands/5RH1-UGV-to-5R84/5RH1_UGV_A.pdb,25,12,25k-12cutoff,fullWT4,0-20,600K_heat-1.0-cool-2.0-2fs,,25THR 26THR 27LEU 41HIE 44CYS 49MET 52PRO 54TYR 140PHE 141LEU 142ASN 143GLY 145CYS 163HIE 164HIE 165MET 166GLU 167LEU 168PRO 170GLY 187ASP 188ARG 189GLN 190THR,24/304,1150,2,,
5RH2-UH7-to-5R84,Receptors/5RH2-UH7-to-5R84/5R84_apo.pdb,Ligands/5RH2-UH7-to-5R84/5RH2_UH7_A.pdb,25,12,25k-12cutoff,fullWT4,0-20,600K_heat-1.0-cool-2.0-2fs,,25THR 26THR 27LEU 41HIE 44CYS 49MET 52PRO 54TYR 140PHE 141LEU 142ASN 143GLY 145CYS 163HIE 164HIE 165MET 166GLU 167LEU 168PRO 170GLY 187ASP 188ARG 189GLN 190THR,24/304,1150,2,,
5RH3-UHA-to-5R84,Receptors/5RH3-UHA-to-5R84/5R84_apo.pdb,Ligands/5RH3-UHA-to-5R84/5RH3_UHA_A.pdb,25,12,25k-12cutoff,fullWT4,0-20,600K_heat-1.0-cool-2.0-2fs,,25THR 26THR 27LEU 41HIE 44CYS 49MET 52PRO 54TYR 140PHE 141LEU 142ASN 143GLY 145CYS 163HIE 164HIE 165MET 166GLU 167LEU 168PRO 170GLY 187ASP 188ARG 189GLN 190THR,24/304,1150,2,,
7AU4-RY5-to-5R84,Receptors/7AU4-RY5-to-5R84/5R84_apo.pdb,Ligands/7AU4-RY5-to-5R84/7AU4_RY5_A.pdb,25,12,25k-12cutoff,fullWT4,0-20,600K_heat-1.0-cool-2.0-2fs,,25THR 26THR 27LEU 41HIE 44CYS 49MET 52PRO 54TYR 140PHE 141LEU 142ASN 143GLY 145CYS 163HIE 164HIE 165MET 166GLU 167LEU 168PRO 170GLY 187ASP 188ARG 189GLN 190THR,24/304,1150,2,,
7B2J-SQ2-to-5R84,Receptors/7B2J-SQ2-to-5R84/5R84_apo.pdb,Ligands/7B2J-SQ2-to-5R84/7B2J_SQ2_A.pdb,25,12,25k-12cutoff,fullWT4,0-20,600K_heat-1.0-cool-2.0-2fs,,25THR 26THR 27LEU 41HIE 44CYS 49MET 52PRO 54TYR 140PHE 141LEU 142ASN 143GLY 145CYS 163HIE 164HIE 165MET 166GLU 167LEU 168PRO 170GLY 187ASP 188ARG 189GLN 190THR,24/304,1150,2,,
7B2U-SQ5-to-5R84,Receptors/7B2U-SQ5-to-5R84/5R84_apo.pdb,Ligands/7B2U-SQ5-to-5R84/7B2U_SQ5_A.pdb,25,12,25k-12cutoff,fullWT4,0-20,600K_heat-1.0-cool-2.0-2fs,,25THR 26THR 27LEU 41HIE 44CYS 49MET 52PRO 54TYR 140PHE 141LEU 142ASN 143GLY 145CYS 163HIE 164HIE 165MET 166GLU 167LEU 168PRO 170GLY 187ASP 188ARG 189GLN 190THR,24/304,1150,2,,
7B5Z-SYH-to-5R84,Receptors/7B5Z-SYH-to-5R84/5R84_apo.pdb,Ligands/7B5Z-SYH-to-5R84/7B5Z_SYH_A.pdb,25,12,25k-12cutoff,fullWT4,0-20,600K_heat-1.0-cool-2.0-2fs,,25THR 26THR 27LEU 41HIE 44CYS 49MET 52PRO 54TYR 140PHE 141LEU 142ASN 143GLY 145CYS 163HIE 164HIE 165MET 166GLU 167LEU 168PRO 170GLY 187ASP 188ARG 189GLN 190THR,24/304,1150,2,,
7B77-T0W-to-5R84,Receptors/7B77-T0W-to-5R84/5R84_apo.pdb,Ligands/7B77-T0W-to-5R84/7B77_T0W_A.pdb,25,12,25k-12cutoff,fullWT4,0-20,600K_heat-1.0-cool-2.0-2fs,,25THR 26THR 27LEU 41HIE 44CYS 49MET 52PRO 54TYR 140PHE 141LEU 142ASN 143GLY 145CYS 163HIE 164HIE 165MET 166GLU 167LEU 168PRO 170GLY 187ASP 188ARG 189GLN 190THR,24/304,1150,2,,
7L10-XEY-to-5R84,Receptors/7L10-XEY-to-5R84/5R84_apo.pdb,Ligands/7L10-XEY-to-5R84/7L10_XEY_A.pdb,25,12,25k-12cutoff,fullWT4,0-20,600K_heat-1.0-cool-2.0-2fs,,25THR 26THR 27LEU 41HIE 44CYS 49MET 52PRO 54TYR 140PHE 141LEU 142ASN 143GLY 145CYS 163HIE 164HIE 165MET 166GLU 167LEU 168PRO 170GLY 187ASP 188ARG 189GLN 190THR,24/304,1150,2,,
7L11-XF1-to-5R84,Receptors/7L11-XF1-to-5R84/5R84_apo.pdb,Ligands/7L11-XF1-to-5R84/7L11_XF1_A.pdb,25,12,25k-12cutoff,fullWT4,0-20,600K_heat-1.0-cool-2.0-2fs,,25THR 26THR 27LEU 41HIE 44CYS 49MET 52PRO 54TYR 140PHE 141LEU 142ASN 143GLY 145CYS 163HIE 164HIE 165MET 166GLU 167LEU 168PRO 170GLY 187ASP 188ARG 189GLN 190THR,24/304,1150,2,,
7L12-XF4-to-5R84,Receptors/7L12-XF4-to-5R84/5R84_apo.pdb,Ligands/7L12-XF4-to-5R84/7L12_XF4_A.pdb,25,12,25k-12cutoff,fullWT4,0-20,600K_heat-1.0-cool-2.0-2fs,,25THR 26THR 27LEU 41HIE 44CYS 49MET 52PRO 54TYR 140PHE 141LEU 142ASN 143GLY 145CYS 163HIE 164HIE 165MET 166GLU 167LEU 168PRO 170GLY 187ASP 188ARG 189GLN 190THR,24/304,1150,2,,
7L13-XF7-to-5R84,Receptors/7L13-XF7-to-5R84/5R84_apo.pdb,Ligands/7L13-XF7-to-5R84/7L13_XF7_A.pdb,25,12,25k-12cutoff,fullWT4,0-20,600K_heat-1.0-cool-2.0-2fs,,25THR 26THR 27LEU 41HIE 44CYS 49MET 52PRO 54TYR 140PHE 141LEU 142ASN 143GLY 145CYS 163HIE 164HIE 165MET 166GLU 167LEU 168PRO 170GLY 187ASP 188ARG 189GLN 190THR,24/304,1150,2,,
7L14-XFD-to-5R84,Receptors/7L14-XFD-to-5R84/5R84_apo.pdb,Ligands/7L14-XFD-to-5R84/7L14_XFD_A.pdb,25,12,25k-12cutoff,fullWT4,0-20,600K_heat-1.0-cool-2.0-2fs,,25THR 26THR 27LEU 41HIE 44CYS 49MET 52PRO 54TYR 140PHE 141LEU 142ASN 143GLY 145CYS 163HIE 164HIE 165MET 166GLU 167LEU 168PRO 170GLY 187ASP 188ARG 189GLN 190THR,24/304,1150,2,,
7LFE-XWS-to-5R84,Receptors/7LFE-XWS-to-5R84/5R84_apo.pdb,Ligands/7LFE-XWS-to-5R84/7LFE_XWS_A.pdb,25,12,25k-12cutoff,fullWT4,0-20,600K_heat-1.0-cool-2.0-2fs,,25THR 26THR 27LEU 41HIE 44CYS 49MET 52PRO 54TYR 140PHE 141LEU 142ASN 143GLY 145CYS 163HIE 164HIE 165MET 166GLU 167LEU 168PRO 170GLY 187ASP 188ARG 189GLN 190THR,24/304,1150,2,,
7O46-V18-to-5R84,Receptors/7O46-V18-to-5R84/5R84_apo.pdb,Ligands/7O46-V18-to-5R84/7O46_V18_A.pdb,25,12,25k-12cutoff,fullWT4,0-20,600K_heat-1.0-cool-2.0-2fs,,25THR 26THR 27LEU 41HIE 44CYS 49MET 52PRO 54TYR 140PHE 141LEU 142ASN 143GLY 145CYS 163HIE 164HIE 165MET 166GLU 167LEU 168PRO 170GLY 187ASP 188ARG 189GLN 190THR,24/304,1150,2,,
7QBB-V1B-to-5R84,Receptors/7QBB-V1B-to-5R84/5R84_apo.pdb,Ligands/7QBB-V1B-to-5R84/7QBB_V1B_A.pdb,25,12,25k-12cutoff,fullWT4,0-20,600K_heat-1.0-cool-2.0-2fs,,25THR 26THR 27LEU 41HIE 44CYS 49MET 52PRO 54TYR 140PHE 141LEU 142ASN 143GLY 145CYS 163HIE 164HIE 165MET 166GLU 167LEU 168PRO 170GLY 187ASP 188ARG 189GLN 190THR,24/304,1150,2,,
7RLS-5YN-to-5R84,Receptors/7RLS-5YN-to-5R84/5R84_apo.pdb,Ligands/7RLS-5YN-to-5R84/7RLS_5YN_A.pdb,25,12,25k-12cutoff,fullWT4,0-20,600K_heat-1.0-cool-2.0-2fs,,25THR 26THR 27LEU 41HIE 44CYS 49MET 52PRO 54TYR 140PHE 141LEU 142ASN 143GLY 145CYS 163HIE 164HIE 165MET 166GLU 167LEU 168PRO 170GLY 187ASP 188ARG 189GLN 190THR,24/304,1150,2,,
7RM2-5YJ-to-5R84,Receptors/7RM2-5YJ-to-5R84/5R84_apo.pdb,Ligands/7RM2-5YJ-to-5R84/7RM2_5YJ_A.pdb,25,12,25k-12cutoff,fullWT4,0-20,600K_heat-1.0-cool-2.0-2fs,,25THR 26THR 27LEU 41HIE 44CYS 49MET 52PRO 54TYR 140PHE 141LEU 142ASN 143GLY 145CYS 163HIE 164HIE 165MET 166GLU 167LEU 168PRO 170GLY 187ASP 188ARG 189GLN 190THR,24/304,1150,2,,
7RMB-5Z7-to-5R84,Receptors/7RMB-5Z7-to-5R84/5R84_apo.pdb,Ligands/7RMB-5Z7-to-5R84/7RMB_5Z7_A.pdb,25,12,25k-12cutoff,fullWT4,0-20,600K_heat-1.0-cool-2.0-2fs,,25THR 26THR 27LEU 41HIE 44CYS 49MET 52PRO 54TYR 140PHE 141LEU 142ASN 143GLY 145CYS 163HIE 164HIE 165MET 166GLU 167LEU 168PRO 170GLY 187ASP 188ARG 189GLN 190THR,24/304,1150,2,,
7RME-5Z3-to-5R84,Receptors/7RME-5Z3-to-5R84/5R84_apo.pdb,Ligands/7RME-5Z3-to-5R84/7RME_5Z3_A.pdb,25,12,25k-12cutoff,fullWT4,0-20,600K_heat-1.0-cool-2.0-2fs,,25THR 26THR 27LEU 41HIE 44CYS 49MET 52PRO 54TYR 140PHE 141LEU 142ASN 143GLY 145CYS 163HIE 164HIE 165MET 166GLU 167LEU 168PRO 170GLY 187ASP 188ARG 189GLN 190THR,24/304,1150,2,,
7RMT-5ZN-to-5R84,Receptors/7RMT-5ZN-to-5R84/5R84_apo.pdb,Ligands/7RMT-5ZN-to-5R84/7RMT_5ZN_A.pdb,25,12,25k-12cutoff,fullWT4,0-20,600K_heat-1.0-cool-2.0-2fs,,25THR 26THR 27LEU 41HIE 44CYS 49MET 52PRO 54TYR 140PHE 141LEU 142ASN 143GLY 145CYS 163HIE 164HIE 165MET 166GLU 167LEU 168PRO 170GLY 187ASP 188ARG 189GLN 190THR,24/304,1150,2,,
7RMZ-5ZJ-to-5R84,Receptors/7RMZ-5ZJ-to-5R84/5R84_apo.pdb,Ligands/7RMZ-5ZJ-to-5R84/7RMZ_5ZJ_A.pdb,25,12,25k-12cutoff,fullWT4,0-20,600K_heat-1.0-cool-2.0-2fs,,25THR 26THR 27LEU 41HIE 44CYS 49MET 52PRO 54TYR 140PHE 141LEU 142ASN 143GLY 145CYS 163HIE 164HIE 165MET 166GLU 167LEU 168PRO 170GLY 187ASP 188ARG 189GLN 190THR,24/304,1150,2,,
7RN4-H69-to-5R84,Receptors/7RN4-H69-to-5R84/5R84_apo.pdb,Ligands/7RN4-H69-to-5R84/7RN4_H69_A.pdb,25,12,25k-12cutoff,fullWT4,0-20,600K_heat-1.0-cool-2.0-2fs,,25THR 26THR 27LEU 41HIE 44CYS 49MET 52PRO 54TYR 140PHE 141LEU 142ASN 143GLY 145CYS 163HIE 164HIE 165MET 166GLU 167LEU 168PRO 170GLY 187ASP 188ARG 189GLN 190THR,24/304,1150,2,,
7RNH-5ZW-to-5R84,Receptors/7RNH-5ZW-to-5R84/5R84_apo.pdb,Ligands/7RNH-5ZW-to-5R84/7RNH_5ZW_A.pdb,25,12,25k-12cutoff,fullWT4,0-20,600K_heat-1.0-cool-2.0-2fs,pocket3-19-25,25THR 26THR 27LEU 41HIE 44CYS 49MET 52PRO 54TYR 140PHE 141LEU 142ASN 143GLY 145CYS 163HIE 164HIE 165MET 166GLU 167LEU 168PRO 170GLY 187ASP 188ARG 189GLN 190THR,24/304,1150,2,,
7RNK-5ZT-to-5R84,Receptors/7RNK-5ZT-to-5R84/5R84_apo.pdb,Ligands/7RNK-5ZT-to-5R84/7RNK_5ZT_A.pdb,25,12,25k-12cutoff,fullWT4,0-20,600K_heat-1.0-cool-2.0-2fs,,25THR 26THR 27LEU 41HIE 44CYS 49MET 52PRO 54TYR 140PHE 141LEU 142ASN 143GLY 145CYS 163HIE 164HIE 165MET 166GLU 167LEU 168PRO 170GLY 187ASP 188ARG 189GLN 190THR,24/304,1150,2,,
